{"cameraMode":{"drawMode":0,"name":"Shaded","section":"Shading Mode"},"sceneLighting":false,"audioPlay":false,"sceneViewState":{"m_AlwaysRefresh":false,"showFog":true,"showSkybox":false,"showFlares":true,"showImageEffects":true,"showParticleSystems":true,"showVisualEffectGraphs":true,"m_FxEnabled":true},"in2DMode":false,"pivot":{"x":0.112172432243824,"y":2.1500000953674318,"z":1.5800000429153443},"rotation":{"x":0.08259329199790955,"y":-0.9037070274353027,"z":0.20285473763942719,"w":0.36795079708099368},"size":0.12371787428855896,"orthographic":false}